id;firstname;lastname;email;phone
1;mission-critical;c;Cleste10@gmail.com;+33 272912715
2;Unbranded withdrawal panel;withdrawal technologies;Wandrille.Bernard@gmail.com;+33 356342854
3;a AI;secondary Jewelery Metal;Gondebaud_Roy82@hotmail.fr;+33 163460546
4;Tunisie Automotive payment;Frozen;Tancrde22@yahoo.fr;0543620148
5;Designer;invoice Tha√Ølande Technicien;Arthur.Lefebvre15@gmail.com;+33 341104003
6;invoice Agent;haptic Cross-group Maurice;Lionel.Julien@gmail.com;+33 302459236
7;overriding;bandwidth array;Lonne37@hotmail.fr;0612064513
8;b Administrateur;circuit Centre Virtual;Cleste.Olivier87@hotmail.fr;+33 543884742
9;c Licensed analyzing;Granite;Laurent_Lemoine@yahoo.fr;+33 190813465
10;task-force attitude;bypassing HTTP optimal;Antonine13@gmail.com;0503348937
